,Dataset,Repetition,ADAPT,ADMIC-Basic,ADMIC
1,Zeller G(2014),1,0.545092838196287,0.749336870026525,0.736074270557029
2,Zeller G(2014),2,0.661803713527852,0.684350132625995,0.610079575596817
3,Zeller G(2014),3,0.631299734748011,0.692307692307692,0.714854111405836
4,Zeller G(2014),4,0.70159151193634,0.595490716180371,0.692307692307692
5,Zeller G(2014),5,0.783819628647215,0.655172413793104,0.628647214854111
6,Zeller G(2014),6,0.587533156498674,0.684350132625995,0.710875331564987
7,Zeller G(2014),7,0.631299734748011,0.785145888594164,0.610079575596817
8,Zeller G(2014),8,0.738726790450928,0.677718832891247,0.677718832891247
9,Zeller G(2014),9,0.722811671087533,0.769230769230769,0.705570291777188
10,Zeller G(2014),10,0.696286472148541,0.785145888594164,0.718832891246684
11,Zeller G(2014),11,0.807692307692308,0.704244031830239,0.684350132625995
12,Zeller G(2014),12,0.709549071618037,0.708222811671087,0.648541114058355
13,Zeller G(2014),13,0.588859416445623,0.70159151193634,0.708222811671088
14,Zeller G(2014),14,0.649867374005305,0.615384615384615,0.815649867374005
15,Zeller G(2014),15,0.693633952254642,0.718832891246684,0.692307692307692
16,Zeller G(2014),16,0.582228116710875,0.722811671087533,0.778514588859416
17,Zeller G(2014),17,0.561007957559682,0.629973474801061,0.572944297082228
18,Zeller G(2014),18,0.385941644562334,0.672413793103448,0.814323607427056
19,Zeller G(2014),19,0.729442970822281,0.461538461538462,0.706896551724138
20,Zeller G(2014),20,0.706896551724138,0.741379310344828,0.637931034482759
21,Zeller G(2014),21,0.70026525198939,0.684350132625995,0.683023872679045
22,Zeller G(2014),22,0.757294429708223,0.673740053050398,0.721485411140584
23,Zeller G(2014),23,0.763925729442971,0.775862068965517,0.629973474801061
24,Zeller G(2014),24,0.635278514588859,0.709549071618037,0.59946949602122
25,Zeller G(2014),25,0.70026525198939,0.538461538461538,0.754641909814324
26,Zeller G(2014),26,0.758620689655172,0.663129973474801,0.663129973474801
27,Zeller G(2014),27,0.470822281167109,0.778514588859416,0.639257294429708
28,Zeller G(2014),28,0.688328912466844,0.490716180371353,0.718832891246684
29,Zeller G(2014),29,0.690981432360743,0.740053050397878,0.639257294429708
30,Zeller G(2014),30,0.595490716180371,0.653846153846154,0.70026525198939
31,Zeller G(2014),31,0.683023872679045,0.690981432360743,0.773209549071618
32,Zeller G(2014),32,0.628647214854111,0.614058355437666,0.769230769230769
33,Zeller G(2014),33,0.750663129973475,0.709549071618037,0.708222811671088
34,Zeller G(2014),34,0.759946949602122,0.725464190981432,0.769230769230769
35,Zeller G(2014),35,0.778514588859416,0.655172413793103,0.73209549071618
36,Zeller G(2014),36,0.46551724137931,0.710875331564987,0.73474801061008
37,Zeller G(2014),37,0.46551724137931,0.663129973474801,0.717506631299735
38,Zeller G(2014),38,0.748010610079576,0.737400530503979,0.693633952254642
39,Zeller G(2014),39,0.688328912466844,0.757294429708223,0.688328912466843
40,Zeller G(2014),40,0.769230769230769,0.749336870026525,0.543766578249337
41,Zeller G(2014),41,0.728116710875332,0.661803713527852,0.668435013262599
42,Zeller G(2014),42,0.657824933687003,0.641909814323607,0.761273209549072
43,Zeller G(2014),43,0.649867374005305,0.608753315649867,0.652519893899204
44,Zeller G(2014),44,0.587533156498674,0.645888594164456,0.655172413793104
45,Zeller G(2014),45,0.789124668435013,0.685676392572944,0.648541114058355
46,Zeller G(2014),46,0.590185676392573,0.738726790450928,0.745358090185676
47,Zeller G(2014),47,0.688328912466843,0.575596816976127,0.80106100795756
48,Zeller G(2014),48,0.628647214854111,0.668435013262599,0.709549071618037
49,Zeller G(2014),49,0.578249336870027,0.746684350132626,0.618037135278515
50,Zeller G(2014),50,0.651193633952255,0.742705570291777,0.641909814323607
51,Zeller G(2014),51,0.684350132625995,0.697612732095491,0.663129973474801
52,Zeller G(2014),52,0.563660477453581,0.755968169761273,0.758620689655172
53,Zeller G(2014),53,0.645888594164456,0.622015915119363,0.839522546419098
54,Zeller G(2014),54,0.561007957559682,0.629973474801061,0.697612732095491
55,Zeller G(2014),55,0.618037135278515,0.655172413793103,0.669761273209549
56,Zeller G(2014),56,0.615384615384615,0.60079575596817,0.679045092838196
57,Zeller G(2014),57,0.618037135278515,0.692307692307692,0.793103448275862
58,Zeller G(2014),58,0.753315649867374,0.805039787798409,0.668435013262599
59,Zeller G(2014),59,0.588859416445623,0.729442970822281,0.803713527851459
60,Zeller G(2014),60,0.70026525198939,0.679045092838196,0.76657824933687
61,Zeller G(2014),61,0.579575596816976,0.759946949602122,0.782493368700265
62,Zeller G(2014),62,0.645888594164456,0.627320954907162,0.73342175066313
63,Zeller G(2014),63,0.60079575596817,0.728116710875332,0.738726790450928
64,Zeller G(2014),64,0.809018567639257,0.648541114058355,0.717506631299735
65,Zeller G(2014),65,0.628647214854111,0.637931034482759,0.676392572944297
66,Zeller G(2014),66,0.687002652519894,0.592838196286472,0.517241379310345
67,Zeller G(2014),67,0.677718832891247,0.738726790450928,0.774535809018568
68,Zeller G(2014),68,0.575596816976127,0.607427055702918,0.688328912466844
69,Zeller G(2014),69,0.679045092838196,0.616710875331565,0.761273209549072
70,Zeller G(2014),70,0.590185676392573,0.559681697612732,0.724137931034483
71,Zeller G(2014),71,0.586206896551724,0.611405835543767,0.53315649867374
72,Zeller G(2014),72,0.827586206896552,0.782493368700265,0.751989389920424
73,Zeller G(2014),73,0.60079575596817,0.823607427055703,0.706896551724138
74,Zeller G(2014),74,0.725464190981432,0.744031830238727,0.710875331564987
75,Zeller G(2014),75,0.629973474801061,0.676392572944297,0.580901856763926
76,Zeller G(2014),76,0.741379310344828,0.823607427055703,0.702917771883289
77,Zeller G(2014),77,0.789124668435013,0.579575596816976,0.651193633952255
78,Zeller G(2014),78,0.712201591511936,0.596816976127321,0.807692307692308
79,Zeller G(2014),79,0.56631299734748,0.683023872679045,0.754641909814324
80,Zeller G(2014),80,0.623342175066313,0.69893899204244,0.679045092838196
81,Zeller G(2014),81,0.73342175066313,0.824933687002653,0.653846153846154
82,Zeller G(2014),82,0.656498673740053,0.717506631299735,0.770557029177719
83,Zeller G(2014),83,0.721485411140584,0.651193633952255,0.718832891246684
84,Zeller G(2014),84,0.70026525198939,0.872679045092838,0.620689655172414
85,Zeller G(2014),85,0.612732095490716,0.549071618037135,0.655172413793103
86,Zeller G(2014),86,0.56763925729443,0.771883289124668,0.754641909814324
87,Zeller G(2014),87,0.671087533156499,0.70026525198939,0.63262599469496
88,Zeller G(2014),88,0.816976127320955,0.726790450928382,0.564986737400531
89,Zeller G(2014),89,0.640583554376658,0.689655172413793,0.645888594164456
90,Zeller G(2014),90,0.677718832891247,0.704244031830239,0.66710875331565
91,Zeller G(2014),91,0.681697612732096,0.70159151193634,0.709549071618037
92,Zeller G(2014),92,0.643236074270557,0.708222811671087,0.677718832891247
93,Zeller G(2014),93,0.539787798408488,0.663129973474801,0.761273209549072
94,Zeller G(2014),94,0.729442970822281,0.704244031830239,0.525198938992043
95,Zeller G(2014),95,0.708222811671087,0.660477453580902,0.661803713527852
96,Zeller G(2014),96,0.648541114058355,0.70026525198939,0.655172413793103
97,Zeller G(2014),97,0.687002652519894,0.575596816976127,0.746684350132626
98,Zeller G(2014),98,0.795755968169761,0.793103448275862,0.453580901856764
99,Zeller G(2014),99,0.688328912466843,0.730769230769231,0.704244031830239
100,Zeller G(2014),100,0.76525198938992,0.63395225464191,0.643236074270557
101,Feng Q(2015),1,0.763736263736264,0.648351648351648,0.730769230769231
102,Feng Q(2015),2,0.708791208791209,0.692307692307692,0.67032967032967
103,Feng Q(2015),3,0.752747252747253,0.494505494505494,0.736263736263736
104,Feng Q(2015),4,0.648351648351648,0.576923076923077,0.527472527472527
105,Feng Q(2015),5,0.807692307692308,0.593406593406593,0.703296703296703
106,Feng Q(2015),6,0.549450549450549,0.71978021978022,0.71978021978022
107,Feng Q(2015),7,0.714285714285714,0.505494505494505,0.725274725274725
108,Feng Q(2015),8,0.681318681318681,0.445054945054945,0.598901098901099
109,Feng Q(2015),9,0.82967032967033,0.593406593406593,0.626373626373626
110,Feng Q(2015),10,0.796703296703297,0.78021978021978,0.565934065934066
111,Feng Q(2015),11,0.835164835164835,0.752747252747253,0.67032967032967
112,Feng Q(2015),12,0.725274725274725,0.571428571428571,0.675824175824176
113,Feng Q(2015),13,0.714285714285714,0.631868131868132,0.637362637362637
114,Feng Q(2015),14,0.901098901098901,0.67032967032967,0.527472527472527
115,Feng Q(2015),15,0.758241758241758,0.769230769230769,0.653846153846154
116,Feng Q(2015),16,0.71978021978022,0.824175824175824,0.56043956043956
117,Feng Q(2015),17,0.774725274725275,0.659340659340659,0.681318681318681
118,Feng Q(2015),18,0.879120879120879,0.587912087912088,0.67032967032967
119,Feng Q(2015),19,0.708791208791209,0.615384615384615,0.67032967032967
120,Feng Q(2015),20,0.71978021978022,0.648351648351648,0.692307692307692
121,Feng Q(2015),21,0.736263736263736,0.604395604395604,0.631868131868132
122,Feng Q(2015),22,0.71978021978022,0.703296703296703,0.774725274725275
123,Feng Q(2015),23,0.692307692307692,0.703296703296703,0.714285714285714
124,Feng Q(2015),24,0.818681318681319,0.758241758241758,0.659340659340659
125,Feng Q(2015),25,0.78021978021978,0.576923076923077,0.582417582417582
126,Feng Q(2015),26,0.554945054945055,0.510989010989011,0.741758241758242
127,Feng Q(2015),27,0.461538461538462,0.725274725274725,0.835164835164835
128,Feng Q(2015),28,0.835164835164835,0.703296703296703,0.593406593406593
129,Feng Q(2015),29,0.67032967032967,0.807692307692308,0.483516483516484
130,Feng Q(2015),30,0.857142857142857,0.758241758241758,0.802197802197802
131,Feng Q(2015),31,0.769230769230769,0.483516483516484,0.741758241758242
132,Feng Q(2015),32,0.642857142857143,0.626373626373626,0.769230769230769
133,Feng Q(2015),33,0.769230769230769,0.401098901098901,0.510989010989011
134,Feng Q(2015),34,0.78021978021978,0.868131868131868,0.604395604395604
135,Feng Q(2015),35,0.879120879120879,0.615384615384615,0.71978021978022
136,Feng Q(2015),36,0.71978021978022,0.56043956043956,0.631868131868132
137,Feng Q(2015),37,0.89010989010989,0.675824175824176,0.791208791208791
138,Feng Q(2015),38,0.598901098901099,0.703296703296703,0.697802197802198
139,Feng Q(2015),39,0.774725274725275,0.813186813186813,0.505494505494505
140,Feng Q(2015),40,0.796703296703297,0.664835164835165,0.527472527472527
141,Feng Q(2015),41,0.681318681318681,0.642857142857143,0.637362637362637
142,Feng Q(2015),42,0.928571428571429,0.516483516483516,0.527472527472527
143,Feng Q(2015),43,0.642857142857143,0.714285714285714,0.576923076923077
144,Feng Q(2015),44,0.802197802197802,0.582417582417582,0.472527472527473
145,Feng Q(2015),45,0.659340659340659,0.637362637362637,0.725274725274725
146,Feng Q(2015),46,0.741758241758242,0.494505494505495,0.615384615384615
147,Feng Q(2015),47,0.912087912087912,0.752747252747253,0.483516483516484
148,Feng Q(2015),48,0.736263736263736,0.538461538461538,0.791208791208791
149,Feng Q(2015),49,0.67032967032967,0.631868131868132,0.587912087912088
150,Feng Q(2015),50,0.67032967032967,0.659340659340659,0.626373626373626
151,Feng Q(2015),51,0.615384615384615,0.747252747252747,0.538461538461538
152,Feng Q(2015),52,0.615384615384615,0.692307692307692,0.582417582417582
153,Feng Q(2015),53,0.71978021978022,0.642857142857143,0.642857142857143
154,Feng Q(2015),54,0.807692307692308,0.703296703296703,0.538461538461538
155,Feng Q(2015),55,0.928571428571429,0.571428571428571,0.67032967032967
156,Feng Q(2015),56,0.791208791208791,0.862637362637363,0.582417582417582
157,Feng Q(2015),57,0.582417582417582,0.67032967032967,0.692307692307692
158,Feng Q(2015),58,0.835164835164835,0.593406593406593,0.708791208791209
159,Feng Q(2015),59,0.802197802197802,0.879120879120879,0.565934065934066
160,Feng Q(2015),60,0.884615384615385,0.664835164835165,0.56043956043956
161,Feng Q(2015),61,0.774725274725275,0.785714285714286,0.659340659340659
162,Feng Q(2015),62,0.730769230769231,0.648351648351648,0.802197802197802
163,Feng Q(2015),63,0.725274725274725,0.714285714285714,0.736263736263736
164,Feng Q(2015),64,0.692307692307692,0.43956043956044,0.593406593406593
165,Feng Q(2015),65,0.818681318681319,0.747252747252747,0.664835164835165
166,Feng Q(2015),66,0.56043956043956,0.785714285714286,0.56043956043956
167,Feng Q(2015),67,0.538461538461538,0.527472527472527,0.582417582417582
168,Feng Q(2015),68,0.747252747252747,0.373626373626374,0.648351648351648
169,Feng Q(2015),69,0.884615384615385,0.818681318681319,0.505494505494505
170,Feng Q(2015),70,0.637362637362637,0.648351648351648,0.758241758241758
171,Feng Q(2015),71,0.791208791208791,0.615384615384615,0.703296703296703
172,Feng Q(2015),72,0.824175824175824,0.901098901098901,0.571428571428571
173,Feng Q(2015),73,0.516483516483516,0.615384615384615,0.659340659340659
174,Feng Q(2015),74,0.736263736263736,0.659340659340659,0.802197802197802
175,Feng Q(2015),75,0.901098901098901,0.78021978021978,0.637362637362637
176,Feng Q(2015),76,0.686813186813187,0.43956043956044,0.912087912087912
177,Feng Q(2015),77,0.78021978021978,0.714285714285714,0.89010989010989
178,Feng Q(2015),78,0.840659340659341,0.653846153846154,0.648351648351648
179,Feng Q(2015),79,0.736263736263736,0.5,0.642857142857143
180,Feng Q(2015),80,0.571428571428571,0.697802197802198,0.549450549450549
181,Feng Q(2015),81,0.681318681318681,0.538461538461538,0.60989010989011
182,Feng Q(2015),82,0.945054945054945,0.56043956043956,0.648351648351648
183,Feng Q(2015),83,0.868131868131868,0.791208791208791,0.472527472527473
184,Feng Q(2015),84,0.813186813186813,0.571428571428571,0.631868131868132
185,Feng Q(2015),85,0.615384615384615,0.587912087912088,0.769230769230769
186,Feng Q(2015),86,0.648351648351648,0.67032967032967,0.824175824175824
187,Feng Q(2015),87,0.692307692307692,0.67032967032967,0.71978021978022
188,Feng Q(2015),88,0.774725274725275,0.516483516483517,0.505494505494505
189,Feng Q(2015),89,0.637362637362637,0.747252747252747,0.774725274725275
190,Feng Q(2015),90,0.879120879120879,0.527472527472527,0.681318681318681
191,Feng Q(2015),91,0.587912087912088,0.747252747252747,0.67032967032967
192,Feng Q(2015),92,0.730769230769231,0.615384615384615,0.571428571428571
193,Feng Q(2015),93,0.846153846153846,0.489010989010989,0.620879120879121
194,Feng Q(2015),94,0.615384615384615,0.648351648351648,0.681318681318681
195,Feng Q(2015),95,0.620879120879121,0.582417582417582,0.78021978021978
196,Feng Q(2015),96,0.824175824175824,0.67032967032967,0.604395604395604
197,Feng Q(2015),97,0.730769230769231,0.626373626373626,0.642857142857143
198,Feng Q(2015),98,0.664835164835165,0.549450549450549,0.736263736263736
199,Feng Q(2015),99,0.467032967032967,0.736263736263736,0.637362637362637
200,Feng Q(2015),100,0.686813186813187,0.631868131868132,0.604395604395604
201,Vogtmann E(2016),1,0.533333333333333,0.577777777777778,0.82962962962963
202,Vogtmann E(2016),2,0.540740740740741,0.851851851851852,0.688888888888889
203,Vogtmann E(2016),3,0.622222222222222,0.818518518518519,0.740740740740741
204,Vogtmann E(2016),4,0.537037037037037,0.603703703703704,0.474074074074074
205,Vogtmann E(2016),5,0.614814814814815,0.622222222222222,0.722222222222222
206,Vogtmann E(2016),6,0.622222222222222,0.562962962962963,0.651851851851852
207,Vogtmann E(2016),7,0.759259259259259,0.766666666666667,0.814814814814815
208,Vogtmann E(2016),8,0.681481481481481,0.62962962962963,0.585185185185185
209,Vogtmann E(2016),9,0.511111111111111,0.585185185185185,0.855555555555556
210,Vogtmann E(2016),10,0.666666666666667,0.607407407407407,0.711111111111111
211,Vogtmann E(2016),11,0.533333333333333,0.688888888888889,0.740740740740741
212,Vogtmann E(2016),12,0.681481481481481,0.622222222222222,0.522222222222222
213,Vogtmann E(2016),13,0.777777777777778,0.718518518518519,0.648148148148148
214,Vogtmann E(2016),14,0.585185185185185,0.577777777777778,0.755555555555556
215,Vogtmann E(2016),15,0.648148148148148,0.762962962962963,0.688888888888889
216,Vogtmann E(2016),16,0.655555555555556,0.762962962962963,0.740740740740741
217,Vogtmann E(2016),17,0.814814814814815,0.596296296296296,0.711111111111111
218,Vogtmann E(2016),18,0.72962962962963,0.577777777777778,0.455555555555556
219,Vogtmann E(2016),19,0.681481481481481,0.792592592592593,0.744444444444444
220,Vogtmann E(2016),20,0.703703703703704,0.540740740740741,0.507407407407407
221,Vogtmann E(2016),21,0.548148148148148,0.718518518518519,0.62962962962963
222,Vogtmann E(2016),22,0.525925925925926,0.57037037037037,0.651851851851852
223,Vogtmann E(2016),23,0.874074074074074,0.622222222222222,0.451851851851852
224,Vogtmann E(2016),24,0.607407407407407,0.781481481481481,0.340740740740741
225,Vogtmann E(2016),25,0.688888888888889,0.614814814814815,0.52962962962963
226,Vogtmann E(2016),26,0.711111111111111,0.755555555555556,0.740740740740741
227,Vogtmann E(2016),27,0.5,0.82962962962963,0.688888888888889
228,Vogtmann E(2016),28,0.674074074074074,0.648148148148148,0.711111111111111
229,Vogtmann E(2016),29,0.585185185185185,0.696296296296296,0.77037037037037
230,Vogtmann E(2016),30,0.437037037037037,0.62962962962963,0.692592592592593
231,Vogtmann E(2016),31,0.562962962962963,0.748148148148148,0.733333333333333
232,Vogtmann E(2016),32,0.492592592592593,0.614814814814815,0.666666666666667
233,Vogtmann E(2016),33,0.622222222222222,0.711111111111111,0.814814814814815
234,Vogtmann E(2016),34,0.637037037037037,0.781481481481481,0.662962962962963
235,Vogtmann E(2016),35,0.351851851851852,0.703703703703704,0.788888888888889
236,Vogtmann E(2016),36,0.666666666666667,0.67037037037037,0.837037037037037
237,Vogtmann E(2016),37,0.718518518518519,0.677777777777778,0.844444444444444
238,Vogtmann E(2016),38,0.533333333333333,0.8,0.725925925925926
239,Vogtmann E(2016),39,0.674074074074074,0.811111111111111,0.592592592592593
240,Vogtmann E(2016),40,0.688888888888889,0.611111111111111,0.488888888888889
241,Vogtmann E(2016),41,0.644444444444444,0.740740740740741,0.696296296296296
242,Vogtmann E(2016),42,0.618518518518518,0.651851851851852,0.77037037037037
243,Vogtmann E(2016),43,0.562962962962963,0.711111111111111,0.874074074074074
244,Vogtmann E(2016),44,0.674074074074074,0.348148148148148,0.744444444444444
245,Vogtmann E(2016),45,0.485185185185185,0.559259259259259,0.525925925925926
246,Vogtmann E(2016),46,0.659259259259259,0.674074074074074,0.625925925925926
247,Vogtmann E(2016),47,0.648148148148148,0.777777777777778,0.888888888888889
248,Vogtmann E(2016),48,0.57037037037037,0.644444444444444,0.537037037037037
249,Vogtmann E(2016),49,0.659259259259259,0.466666666666667,0.707407407407407
250,Vogtmann E(2016),50,0.755555555555556,0.762962962962963,0.785185185185185
251,Vogtmann E(2016),51,0.592592592592593,0.781481481481481,0.544444444444444
252,Vogtmann E(2016),52,0.737037037037037,0.755555555555556,0.796296296296296
253,Vogtmann E(2016),53,0.755555555555556,0.6,0.785185185185185
254,Vogtmann E(2016),54,0.688888888888889,0.688888888888889,0.722222222222222
255,Vogtmann E(2016),55,0.574074074074074,0.696296296296296,0.662962962962963
256,Vogtmann E(2016),56,0.688888888888889,0.511111111111111,0.57037037037037
257,Vogtmann E(2016),57,0.474074074074074,0.666666666666667,0.748148148148148
258,Vogtmann E(2016),58,0.637037037037037,0.555555555555556,0.755555555555556
259,Vogtmann E(2016),59,0.662962962962963,0.622222222222222,0.8
260,Vogtmann E(2016),60,0.696296296296296,0.77037037037037,0.755555555555556
261,Vogtmann E(2016),61,0.585185185185185,0.496296296296296,0.688888888888889
262,Vogtmann E(2016),62,0.548148148148148,0.77037037037037,0.888888888888889
263,Vogtmann E(2016),63,0.574074074074074,0.588888888888889,0.814814814814815
264,Vogtmann E(2016),64,0.625925925925926,0.474074074074074,0.703703703703704
265,Vogtmann E(2016),65,0.762962962962963,0.759259259259259,0.444444444444444
266,Vogtmann E(2016),66,0.692592592592593,0.640740740740741,0.711111111111111
267,Vogtmann E(2016),67,0.625925925925926,0.711111111111111,0.637037037037037
268,Vogtmann E(2016),68,0.792592592592593,0.822222222222222,0.82962962962963
269,Vogtmann E(2016),69,0.562962962962963,0.525925925925926,0.72962962962963
270,Vogtmann E(2016),70,0.588888888888889,0.740740740740741,0.7
271,Vogtmann E(2016),71,0.592592592592593,0.72962962962963,0.844444444444444
272,Vogtmann E(2016),72,0.651851851851852,0.674074074074074,0.848148148148148
273,Vogtmann E(2016),73,0.881481481481481,0.644444444444444,0.633333333333333
274,Vogtmann E(2016),74,0.414814814814815,0.781481481481482,0.681481481481481
275,Vogtmann E(2016),75,0.585185185185185,0.5,0.785185185185185
276,Vogtmann E(2016),76,0.692592592592593,0.477777777777778,0.651851851851852
277,Vogtmann E(2016),77,0.496296296296296,0.533333333333333,0.714814814814815
278,Vogtmann E(2016),78,0.62962962962963,0.648148148148148,0.785185185185185
279,Vogtmann E(2016),79,0.740740740740741,0.762962962962963,0.807407407407407
280,Vogtmann E(2016),80,0.659259259259259,0.633333333333333,0.77037037037037
281,Vogtmann E(2016),81,0.481481481481481,0.681481481481481,0.733333333333333
282,Vogtmann E(2016),82,0.52962962962963,0.614814814814815,0.544444444444444
283,Vogtmann E(2016),83,0.585185185185185,0.703703703703704,0.666666666666667
284,Vogtmann E(2016),84,0.72962962962963,0.611111111111111,0.718518518518519
285,Vogtmann E(2016),85,0.6,0.77037037037037,0.762962962962963
286,Vogtmann E(2016),86,0.57037037037037,0.87037037037037,0.777777777777778
287,Vogtmann E(2016),87,0.792592592592593,0.503703703703704,0.866666666666667
288,Vogtmann E(2016),88,0.637037037037037,0.711111111111111,0.777777777777778
289,Vogtmann E(2016),89,0.544444444444445,0.737037037037037,0.625925925925926
290,Vogtmann E(2016),90,0.803703703703704,0.566666666666667,0.785185185185185
291,Vogtmann E(2016),91,0.740740740740741,0.537037037037037,0.788888888888889
292,Vogtmann E(2016),92,0.677777777777778,0.625925925925926,0.633333333333333
293,Vogtmann E(2016),93,0.548148148148148,0.644444444444444,0.881481481481481
294,Vogtmann E(2016),94,0.614814814814815,0.637037037037037,0.740740740740741
295,Vogtmann E(2016),95,0.807407407407407,0.644444444444444,0.707407407407407
296,Vogtmann E(2016),96,0.748148148148148,0.614814814814815,0.72962962962963
297,Vogtmann E(2016),97,0.592592592592593,0.622222222222222,0.596296296296296
298,Vogtmann E(2016),98,0.774074074074074,0.592592592592593,0.72962962962963
299,Vogtmann E(2016),99,0.496296296296296,0.659259259259259,0.7
300,Vogtmann E(2016),100,0.574074074074074,0.507407407407407,0.681481481481481
301,Schirmer M(2018),1,0.67948717948718,0.448717948717949,0.641025641025641
302,Schirmer M(2018),2,0.673076923076923,0.58974358974359,0.692307692307692
303,Schirmer M(2018),3,0.641025641025641,0.461538461538462,0.532051282051282
304,Schirmer M(2018),4,0.5,0.602564102564103,0.487179487179487
305,Schirmer M(2018),5,0.538461538461538,0.717948717948718,0.525641025641026
306,Schirmer M(2018),6,0.5,0.685897435897436,0.576923076923077
307,Schirmer M(2018),7,0.551282051282051,0.608974358974359,0.596153846153846
308,Schirmer M(2018),8,0.474358974358974,0.641025641025641,0.628205128205128
309,Schirmer M(2018),9,0.551282051282051,0.58974358974359,0.596153846153846
310,Schirmer M(2018),10,0.461538461538462,0.641025641025641,0.647435897435897
311,Schirmer M(2018),11,0.564102564102564,0.474358974358974,0.41025641025641
312,Schirmer M(2018),12,0.641025641025641,0.698717948717949,0.564102564102564
313,Schirmer M(2018),13,0.653846153846154,0.717948717948718,0.519230769230769
314,Schirmer M(2018),14,0.628205128205128,0.666666666666667,0.602564102564103
315,Schirmer M(2018),15,0.58974358974359,0.544871794871795,0.474358974358974
316,Schirmer M(2018),16,0.538461538461538,0.717948717948718,0.532051282051282
317,Schirmer M(2018),17,0.41025641025641,0.506410256410256,0.435897435897436
318,Schirmer M(2018),18,0.58974358974359,0.628205128205128,0.615384615384615
319,Schirmer M(2018),19,0.564102564102564,0.538461538461538,0.41025641025641
320,Schirmer M(2018),20,0.615384615384615,0.435897435897436,0.615384615384615
321,Schirmer M(2018),21,0.429487179487179,0.711538461538462,0.615384615384615
322,Schirmer M(2018),22,0.692307692307692,0.666666666666667,0.628205128205128
323,Schirmer M(2018),23,0.429487179487179,0.692307692307692,0.628205128205128
324,Schirmer M(2018),24,0.538461538461538,0.551282051282051,0.583333333333333
325,Schirmer M(2018),25,0.57051282051282,0.576923076923077,0.692307692307692
326,Schirmer M(2018),26,0.608974358974359,0.67948717948718,0.58974358974359
327,Schirmer M(2018),27,0.519230769230769,0.67948717948718,0.576923076923077
328,Schirmer M(2018),28,0.58974358974359,0.5,0.596153846153846
329,Schirmer M(2018),29,0.596153846153846,0.615384615384615,0.705128205128205
330,Schirmer M(2018),30,0.615384615384615,0.442307692307692,0.756410256410256
331,Schirmer M(2018),31,0.532051282051282,0.602564102564103,0.717948717948718
332,Schirmer M(2018),32,0.602564102564103,0.551282051282051,0.641025641025641
333,Schirmer M(2018),33,0.58974358974359,0.641025641025641,0.653846153846154
334,Schirmer M(2018),34,0.641025641025641,0.487179487179487,0.653846153846154
335,Schirmer M(2018),35,0.730769230769231,0.737179487179487,0.525641025641026
336,Schirmer M(2018),36,0.596153846153846,0.628205128205128,0.647435897435897
337,Schirmer M(2018),37,0.602564102564103,0.58974358974359,0.551282051282051
338,Schirmer M(2018),38,0.538461538461538,0.557692307692308,0.551282051282051
339,Schirmer M(2018),39,0.583333333333333,0.435897435897436,0.57051282051282
340,Schirmer M(2018),40,0.512820512820513,0.57051282051282,0.705128205128205
341,Schirmer M(2018),41,0.608974358974359,0.493589743589744,0.58974358974359
342,Schirmer M(2018),42,0.467948717948718,0.666666666666667,0.820512820512821
343,Schirmer M(2018),43,0.67948717948718,0.512820512820513,0.615384615384615
344,Schirmer M(2018),44,0.705128205128205,0.628205128205128,0.698717948717949
345,Schirmer M(2018),45,0.474358974358974,0.576923076923077,0.698717948717949
346,Schirmer M(2018),46,0.487179487179487,0.57051282051282,0.557692307692308
347,Schirmer M(2018),47,0.525641025641026,0.653846153846154,0.455128205128205
348,Schirmer M(2018),48,0.551282051282051,0.538461538461538,0.551282051282051
349,Schirmer M(2018),49,0.480769230769231,0.647435897435897,0.461538461538462
350,Schirmer M(2018),50,0.538461538461538,0.666666666666667,0.538461538461538
351,Schirmer M(2018),51,0.525641025641026,0.67948717948718,0.782051282051282
352,Schirmer M(2018),52,0.769230769230769,0.544871794871795,0.608974358974359
353,Schirmer M(2018),53,0.58974358974359,0.487179487179487,0.576923076923077
354,Schirmer M(2018),54,0.455128205128205,0.641025641025641,0.544871794871795
355,Schirmer M(2018),55,0.538461538461538,0.57051282051282,0.628205128205128
356,Schirmer M(2018),56,0.58974358974359,0.557692307692308,0.653846153846154
357,Schirmer M(2018),57,0.596153846153846,0.583333333333333,0.602564102564103
358,Schirmer M(2018),58,0.673076923076923,0.538461538461538,0.641025641025641
359,Schirmer M(2018),59,0.666666666666667,0.525641025641026,0.576923076923077
360,Schirmer M(2018),60,0.5,0.564102564102564,0.666666666666667
361,Schirmer M(2018),61,0.653846153846154,0.557692307692308,0.730769230769231
362,Schirmer M(2018),62,0.461538461538462,0.564102564102564,0.5
363,Schirmer M(2018),63,0.762820512820513,0.512820512820513,0.5
364,Schirmer M(2018),64,0.641025641025641,0.525641025641026,0.628205128205128
365,Schirmer M(2018),65,0.602564102564103,0.628205128205128,0.5
366,Schirmer M(2018),66,0.448717948717949,0.41025641025641,0.66025641025641
367,Schirmer M(2018),67,0.647435897435897,0.576923076923077,0.538461538461538
368,Schirmer M(2018),68,0.506410256410256,0.551282051282051,0.58974358974359
369,Schirmer M(2018),69,0.480769230769231,0.551282051282051,0.538461538461538
370,Schirmer M(2018),70,0.717948717948718,0.544871794871795,0.583333333333333
371,Schirmer M(2018),71,0.564102564102564,0.634615384615385,0.743589743589744
372,Schirmer M(2018),72,0.58974358974359,0.858974358974359,0.557692307692308
373,Schirmer M(2018),73,0.480769230769231,0.512820512820513,0.705128205128205
374,Schirmer M(2018),74,0.75,0.576923076923077,0.358974358974359
375,Schirmer M(2018),75,0.551282051282051,0.705128205128205,0.692307692307692
376,Schirmer M(2018),76,0.551282051282051,0.615384615384615,0.666666666666667
377,Schirmer M(2018),77,0.58974358974359,0.58974358974359,0.58974358974359
378,Schirmer M(2018),78,0.538461538461538,0.564102564102564,0.455128205128205
379,Schirmer M(2018),79,0.596153846153846,0.641025641025641,0.519230769230769
380,Schirmer M(2018),80,0.538461538461538,0.570512820512821,0.538461538461538
381,Schirmer M(2018),81,0.448717948717949,0.67948717948718,0.538461538461538
382,Schirmer M(2018),82,0.525641025641026,0.628205128205128,0.5
383,Schirmer M(2018),83,0.519230769230769,0.66025641025641,0.544871794871795
384,Schirmer M(2018),84,0.705128205128205,0.5,0.67948717948718
385,Schirmer M(2018),85,0.602564102564103,0.58974358974359,0.480769230769231
386,Schirmer M(2018),86,0.807692307692308,0.461538461538462,0.666666666666667
387,Schirmer M(2018),87,0.705128205128205,0.557692307692308,0.564102564102564
388,Schirmer M(2018),88,0.487179487179487,0.564102564102564,0.487179487179487
389,Schirmer M(2018),89,0.583333333333333,0.57051282051282,0.756410256410256
390,Schirmer M(2018),90,0.532051282051282,0.67948717948718,0.794871794871795
391,Schirmer M(2018),91,0.769230769230769,0.564102564102564,0.544871794871795
392,Schirmer M(2018),92,0.596153846153846,0.602564102564103,0.58974358974359
393,Schirmer M(2018),93,0.423076923076923,0.5,0.673076923076923
394,Schirmer M(2018),94,0.525641025641026,0.525641025641026,0.538461538461538
395,Schirmer M(2018),95,0.641025641025641,0.5,0.538461538461538
396,Schirmer M(2018),96,0.512820512820513,0.57051282051282,0.551282051282051
397,Schirmer M(2018),97,0.705128205128205,0.608974358974359,0.519230769230769
398,Schirmer M(2018),98,0.564102564102564,0.666666666666667,0.58974358974359
399,Schirmer M(2018),99,0.461538461538462,0.487179487179487,0.653846153846154
400,Schirmer M(2018),100,0.493589743589744,0.737179487179487,0.487179487179487
401,Nielsen HB(2014),1,0.986111111111111,0.972222222222222,0.930555555555556
402,Nielsen HB(2014),2,0.986111111111111,0.958333333333333,0.986111111111111
403,Nielsen HB(2014),3,0.888888888888889,1,0.944444444444444
404,Nielsen HB(2014),4,1,0.958333333333333,0.958333333333333
405,Nielsen HB(2014),5,0.958333333333333,0.888888888888889,0.819444444444444
406,Nielsen HB(2014),6,0.958333333333333,1,0.986111111111111
407,Nielsen HB(2014),7,0.958333333333333,0.916666666666667,0.791666666666667
408,Nielsen HB(2014),8,1,0.944444444444444,0.986111111111111
409,Nielsen HB(2014),9,0.972222222222222,0.986111111111111,0.888888888888889
410,Nielsen HB(2014),10,1,1,1
411,Nielsen HB(2014),11,0.930555555555556,0.930555555555556,0.763888888888889
412,Nielsen HB(2014),12,0.958333333333333,0.930555555555556,0.902777777777778
413,Nielsen HB(2014),13,0.944444444444444,0.944444444444444,1
414,Nielsen HB(2014),14,0.972222222222222,1,0.944444444444444
415,Nielsen HB(2014),15,0.944444444444444,0.902777777777778,0.819444444444444
416,Nielsen HB(2014),16,0.930555555555556,0.972222222222222,0.854166666666667
417,Nielsen HB(2014),17,0.986111111111111,1,0.902777777777778
418,Nielsen HB(2014),18,0.972222222222222,0.972222222222222,0.805555555555556
419,Nielsen HB(2014),19,0.888888888888889,1,0.881944444444444
420,Nielsen HB(2014),20,1,0.972222222222222,0.944444444444444
421,Nielsen HB(2014),21,0.972222222222222,0.972222222222222,0.895833333333333
422,Nielsen HB(2014),22,0.930555555555556,0.944444444444444,1
423,Nielsen HB(2014),23,0.930555555555556,0.902777777777778,0.902777777777778
424,Nielsen HB(2014),24,0.958333333333333,0.986111111111111,0.902777777777778
425,Nielsen HB(2014),25,1,0.916666666666667,0.784722222222222
426,Nielsen HB(2014),26,0.944444444444444,0.958333333333333,0.875
427,Nielsen HB(2014),27,1,0.902777777777778,0.784722222222222
428,Nielsen HB(2014),28,0.972222222222222,0.986111111111111,0.916666666666667
429,Nielsen HB(2014),29,0.958333333333333,1,0.819444444444444
430,Nielsen HB(2014),30,1,1,0.847222222222222
431,Nielsen HB(2014),31,0.944444444444444,0.986111111111111,1
432,Nielsen HB(2014),32,0.972222222222222,0.958333333333333,0.902777777777778
433,Nielsen HB(2014),33,0.958333333333333,0.944444444444444,0.972222222222222
434,Nielsen HB(2014),34,0.958333333333333,0.972222222222222,0.826388888888889
435,Nielsen HB(2014),35,0.9375,0.916666666666667,0.986111111111111
436,Nielsen HB(2014),36,1,0.944444444444444,0.958333333333333
437,Nielsen HB(2014),37,0.986111111111111,1,0.944444444444444
438,Nielsen HB(2014),38,0.875,1,0.888888888888889
439,Nielsen HB(2014),39,0.930555555555556,1,0.986111111111111
440,Nielsen HB(2014),40,1,0.958333333333333,0.958333333333333
441,Nielsen HB(2014),41,1,0.944444444444444,0.875
442,Nielsen HB(2014),42,0.916666666666667,1,0.736111111111111
443,Nielsen HB(2014),43,1,0.986111111111111,0.791666666666667
444,Nielsen HB(2014),44,1,1,0.805555555555556
445,Nielsen HB(2014),45,1,0.923611111111111,0.902777777777778
446,Nielsen HB(2014),46,1,1,0.881944444444444
447,Nielsen HB(2014),47,0.930555555555556,1,0.958333333333333
448,Nielsen HB(2014),48,0.909722222222222,1,0.847222222222222
449,Nielsen HB(2014),49,0.958333333333333,1,0.972222222222222
450,Nielsen HB(2014),50,0.986111111111111,1,1
451,Nielsen HB(2014),51,0.944444444444444,1,0.958333333333333
452,Nielsen HB(2014),52,0.986111111111111,1,0.944444444444444
453,Nielsen HB(2014),53,0.916666666666667,0.875,0.986111111111111
454,Nielsen HB(2014),54,0.972222222222222,0.916666666666667,0.958333333333333
455,Nielsen HB(2014),55,0.972222222222222,1,0.902777777777778
456,Nielsen HB(2014),56,0.944444444444444,1,0.798611111111111
457,Nielsen HB(2014),57,0.986111111111111,0.902777777777778,0.951388888888889
458,Nielsen HB(2014),58,0.972222222222222,0.916666666666667,0.861111111111111
459,Nielsen HB(2014),59,0.958333333333333,0.861111111111111,0.902777777777778
460,Nielsen HB(2014),60,1,1,0.888888888888889
461,Nielsen HB(2014),61,1,1,0.944444444444444
462,Nielsen HB(2014),62,0.861111111111111,0.972222222222222,0.8125
463,Nielsen HB(2014),63,0.944444444444444,0.972222222222222,0.861111111111111
464,Nielsen HB(2014),64,0.986111111111111,0.944444444444444,0.944444444444444
465,Nielsen HB(2014),65,1,0.986111111111111,0.944444444444444
466,Nielsen HB(2014),66,1,0.916666666666667,0.986111111111111
467,Nielsen HB(2014),67,1,1,0.958333333333333
468,Nielsen HB(2014),68,0.944444444444444,0.986111111111111,0.972222222222222
469,Nielsen HB(2014),69,1,1,0.986111111111111
470,Nielsen HB(2014),70,0.972222222222222,0.944444444444444,0.833333333333333
471,Nielsen HB(2014),71,0.986111111111111,0.972222222222222,0.944444444444444
472,Nielsen HB(2014),72,0.986111111111111,0.972222222222222,0.930555555555556
473,Nielsen HB(2014),73,1,0.944444444444444,0.972222222222222
474,Nielsen HB(2014),74,0.972222222222222,0.972222222222222,0.944444444444444
475,Nielsen HB(2014),75,1,0.972222222222222,0.944444444444444
476,Nielsen HB(2014),76,0.916666666666667,1,0.930555555555556
477,Nielsen HB(2014),77,0.986111111111111,1,0.8125
478,Nielsen HB(2014),78,0.972222222222222,0.875,0.972222222222222
479,Nielsen HB(2014),79,0.972222222222222,0.979166666666667,0.958333333333333
480,Nielsen HB(2014),80,0.972222222222222,0.986111111111111,0.944444444444444
481,Nielsen HB(2014),81,1,0.916666666666667,0.777777777777778
482,Nielsen HB(2014),82,0.930555555555556,1,0.944444444444444
483,Nielsen HB(2014),83,0.930555555555556,1,0.819444444444444
484,Nielsen HB(2014),84,0.958333333333333,0.972222222222222,0.944444444444444
485,Nielsen HB(2014),85,0.986111111111111,0.958333333333333,0.909722222222222
486,Nielsen HB(2014),86,0.972222222222222,0.888888888888889,0.708333333333333
487,Nielsen HB(2014),87,0.986111111111111,0.986111111111111,0.736111111111111
488,Nielsen HB(2014),88,0.944444444444444,0.986111111111111,0.923611111111111
489,Nielsen HB(2014),89,0.986111111111111,0.916666666666667,0.798611111111111
490,Nielsen HB(2014),90,0.986111111111111,0.958333333333333,0.958333333333333
491,Nielsen HB(2014),91,0.944444444444444,0.930555555555556,0.972222222222222
492,Nielsen HB(2014),92,0.972222222222222,0.902777777777778,0.916666666666667
493,Nielsen HB(2014),93,0.972222222222222,0.944444444444444,0.916666666666667
494,Nielsen HB(2014),94,0.986111111111111,1,0.944444444444444
495,Nielsen HB(2014),95,0.951388888888889,0.986111111111111,0.847222222222222
496,Nielsen HB(2014),96,1,0.833333333333333,0.847222222222222
497,Nielsen HB(2014),97,0.944444444444444,0.902777777777778,0.958333333333333
498,Nielsen HB(2014),98,0.930555555555556,1,0.930555555555556
499,Nielsen HB(2014),99,0.972222222222222,0.944444444444444,0.847222222222222
500,Nielsen HB(2014),100,0.958333333333333,1,0.986111111111111
501,He Q(2017),1,1,0.994444444444444,0.972222222222222
502,He Q(2017),2,0.983333333333333,1,1
503,He Q(2017),3,0.994444444444444,0.988888888888889,0.988888888888889
504,He Q(2017),4,0.997222222222222,0.983333333333333,1
505,He Q(2017),5,0.966666666666667,0.994444444444444,0.991666666666667
506,He Q(2017),6,1,1,0.988888888888889
507,He Q(2017),7,0.977777777777778,1,1
508,He Q(2017),8,0.988888888888889,0.991666666666667,1
509,He Q(2017),9,0.977777777777778,0.988888888888889,0.994444444444444
510,He Q(2017),10,1,0.988888888888889,1
511,He Q(2017),11,1,1,0.983333333333333
512,He Q(2017),12,0.983333333333333,0.983333333333333,1
513,He Q(2017),13,0.972222222222222,0.966666666666667,1
514,He Q(2017),14,0.988888888888889,0.983333333333333,0.977777777777778
515,He Q(2017),15,1,0.983333333333333,0.988888888888889
516,He Q(2017),16,1,0.933333333333333,0.977777777777778
517,He Q(2017),17,0.983333333333333,0.988888888888889,0.991666666666667
518,He Q(2017),18,0.994444444444444,0.972222222222222,0.966666666666667
519,He Q(2017),19,1,0.966666666666667,1
520,He Q(2017),20,0.988888888888889,1,0.972222222222222
521,He Q(2017),21,0.961111111111111,1,1
522,He Q(2017),22,0.961111111111111,0.994444444444444,1
523,He Q(2017),23,1,1,1
524,He Q(2017),24,0.977777777777778,0.988888888888889,1
525,He Q(2017),25,0.966666666666667,0.966666666666667,1
526,He Q(2017),26,0.983333333333333,0.988888888888889,0.988888888888889
527,He Q(2017),27,0.933333333333333,0.972222222222222,0.988888888888889
528,He Q(2017),28,0.988888888888889,1,0.983333333333333
529,He Q(2017),29,0.983333333333333,0.986111111111111,1
530,He Q(2017),30,0.961111111111111,0.983333333333333,1
531,He Q(2017),31,0.991666666666667,0.994444444444444,0.972222222222222
532,He Q(2017),32,1,1,1
533,He Q(2017),33,1,0.988888888888889,1
534,He Q(2017),34,1,0.966666666666667,0.966666666666667
535,He Q(2017),35,1,1,0.977777777777778
536,He Q(2017),36,0.983333333333333,0.988888888888889,0.977777777777778
537,He Q(2017),37,0.955555555555555,0.994444444444444,0.972222222222222
538,He Q(2017),38,0.988888888888889,0.994444444444444,0.972222222222222
539,He Q(2017),39,0.972222222222222,1,0.983333333333333
540,He Q(2017),40,0.988888888888889,1,0.988888888888889
541,He Q(2017),41,0.994444444444444,0.961111111111111,0.988888888888889
542,He Q(2017),42,0.972222222222222,0.977777777777778,1
543,He Q(2017),43,0.977777777777778,0.972222222222222,1
544,He Q(2017),44,0.980555555555556,0.988888888888889,0.983333333333333
545,He Q(2017),45,0.972222222222222,0.988888888888889,1
546,He Q(2017),46,1,1,0.994444444444444
547,He Q(2017),47,1,1,0.994444444444444
548,He Q(2017),48,0.994444444444444,0.983333333333333,1
549,He Q(2017),49,0.988888888888889,0.994444444444444,1
550,He Q(2017),50,0.994444444444444,1,1
551,He Q(2017),51,0.983333333333333,1,1
552,He Q(2017),52,0.988888888888889,1,0.977777777777778
553,He Q(2017),53,0.977777777777778,0.994444444444444,0.983333333333333
554,He Q(2017),54,1,1,0.994444444444444
555,He Q(2017),55,1,0.983333333333333,1
556,He Q(2017),56,0.952777777777778,0.988888888888889,1
557,He Q(2017),57,0.988888888888889,0.988888888888889,0.983333333333333
558,He Q(2017),58,0.972222222222222,1,1
559,He Q(2017),59,1,0.963888888888889,0.983333333333333
560,He Q(2017),60,1,0.972222222222222,1
561,He Q(2017),61,0.994444444444444,0.997222222222222,0.977777777777778
562,He Q(2017),62,1,0.988888888888889,1
563,He Q(2017),63,0.988888888888889,1,0.983333333333333
564,He Q(2017),64,0.977777777777778,1,0.983333333333333
565,He Q(2017),65,0.988888888888889,1,0.988888888888889
566,He Q(2017),66,1,1,0.983333333333333
567,He Q(2017),67,0.983333333333333,1,0.994444444444444
568,He Q(2017),68,0.994444444444444,0.988888888888889,0.977777777777778
569,He Q(2017),69,0.95,0.994444444444444,1
570,He Q(2017),70,1,0.994444444444444,1
571,He Q(2017),71,0.983333333333333,0.977777777777778,0.972222222222222
572,He Q(2017),72,1,0.988888888888889,0.977777777777778
573,He Q(2017),73,1,0.983333333333333,0.972222222222222
574,He Q(2017),74,0.977777777777778,1,1
575,He Q(2017),75,0.972222222222222,1,0.977777777777778
576,He Q(2017),76,0.983333333333333,0.988888888888889,0.988888888888889
577,He Q(2017),77,0.994444444444444,1,0.95
578,He Q(2017),78,0.955555555555556,1,0.983333333333333
579,He Q(2017),79,0.95,1,1
580,He Q(2017),80,0.966666666666667,0.988888888888889,1
581,He Q(2017),81,0.994444444444444,1,0.955555555555556
582,He Q(2017),82,0.972222222222222,0.994444444444444,1
583,He Q(2017),83,1,0.983333333333333,1
584,He Q(2017),84,1,1,0.997222222222222
585,He Q(2017),85,0.988888888888889,0.994444444444444,1
586,He Q(2017),86,1,0.983333333333333,0.966666666666667
587,He Q(2017),87,1,1,0.972222222222222
588,He Q(2017),88,0.988888888888889,0.966666666666667,1
589,He Q(2017),89,0.977777777777778,1,1
590,He Q(2017),90,0.983333333333333,1,0.991666666666667
591,He Q(2017),91,0.994444444444444,0.983333333333333,1
592,He Q(2017),92,0.994444444444444,0.994444444444444,0.966666666666667
593,He Q(2017),93,0.927777777777778,1,0.972222222222222
594,He Q(2017),94,1,0.966666666666667,0.977777777777778
595,He Q(2017),95,0.966666666666667,0.994444444444444,0.966666666666667
596,He Q(2017),96,1,1,0.988888888888889
597,He Q(2017),97,0.955555555555555,1,1
598,He Q(2017),98,1,0.988888888888889,0.963888888888889
599,He Q(2017),99,1,1,0.983333333333333
600,He Q(2017),100,0.994444444444444,1,1
601,Liu RX(2017),1,0.848286290322581,0.894153225806452,0.920362903225806
602,Liu RX(2017),2,0.884576612903226,0.88508064516129,0.868447580645161
603,Liu RX(2017),3,0.829637096774194,0.863911290322581,0.847782258064516
604,Liu RX(2017),4,0.860887096774194,0.871975806451613,0.88054435483871
605,Liu RX(2017),5,0.831149193548387,0.817036290322581,0.901713709677419
606,Liu RX(2017),6,0.738911290322581,0.863911290322581,0.819556451612903
607,Liu RX(2017),7,0.897177419354839,0.817540322580645,0.863911290322581
608,Liu RX(2017),8,0.835181451612903,0.88508064516129,0.865423387096774
609,Liu RX(2017),9,0.794354838709677,0.882560483870968,0.919354838709677
610,Liu RX(2017),10,0.884072580645161,0.868447580645161,0.91179435483871
611,Liu RX(2017),11,0.877520161290323,0.91179435483871,0.881048387096774
612,Liu RX(2017),12,0.902217741935484,0.86945564516129,0.854838709677419
613,Liu RX(2017),13,0.872983870967742,0.903729838709677,0.873991935483871
614,Liu RX(2017),14,0.840725806451613,0.919858870967742,0.901713709677419
615,Liu RX(2017),15,0.845766129032258,0.871471774193548,0.913810483870968
616,Liu RX(2017),16,0.826612903225806,0.905745967741935,0.904737903225806
617,Liu RX(2017),17,0.925403225806452,0.872983870967742,0.851814516129032
618,Liu RX(2017),18,0.839717741935484,0.828125,0.875504032258065
619,Liu RX(2017),19,0.811491935483871,0.941028225806452,0.892641129032258
620,Liu RX(2017),20,0.868447580645161,0.859879032258065,0.90070564516129
621,Liu RX(2017),21,0.819556451612903,0.921875,0.830141129032258
622,Liu RX(2017),22,0.863407258064516,0.892137096774194,0.925403225806452
623,Liu RX(2017),23,0.842237903225806,0.847278225806452,0.872479838709677
624,Liu RX(2017),24,0.828629032258065,0.819052419354839,0.810483870967742
625,Liu RX(2017),25,0.831149193548387,0.895665322580645,0.902721774193548
626,Liu RX(2017),26,0.878528225806452,0.90625,0.898689516129032
627,Liu RX(2017),27,0.80241935483871,0.868951612903226,0.902217741935484
628,Liu RX(2017),28,0.866935483870968,0.876008064516129,0.903225806451613
629,Liu RX(2017),29,0.777217741935484,0.887600806451613,0.919354838709677
630,Liu RX(2017),30,0.783266129032258,0.843245967741935,0.911290322580645
631,Liu RX(2017),31,0.858870967741935,0.816532258064516,0.875
632,Liu RX(2017),32,0.828125,0.861895161290323,0.867943548387097
633,Liu RX(2017),33,0.838709677419355,0.868447580645161,0.846774193548387
634,Liu RX(2017),34,0.831149193548387,0.790322580645161,0.846774193548387
635,Liu RX(2017),35,0.846270161290323,0.907258064516129,0.864415322580645
636,Liu RX(2017),36,0.809979838709677,0.936491935483871,0.868951612903226
637,Liu RX(2017),37,0.91179435483871,0.891129032258065,0.871471774193548
638,Liu RX(2017),38,0.792338709677419,0.80695564516129,0.875
639,Liu RX(2017),39,0.78679435483871,0.878528225806452,0.849798387096774
640,Liu RX(2017),40,0.892137096774194,0.858870967741935,0.897681451612903
641,Liu RX(2017),41,0.881552419354839,0.885584677419355,0.836693548387097
642,Liu RX(2017),42,0.72883064516129,0.884072580645161,0.85383064516129
643,Liu RX(2017),43,0.841229838709677,0.835685483870968,0.898689516129032
644,Liu RX(2017),44,0.823588709677419,0.889112903225806,0.839717741935484
645,Liu RX(2017),45,0.828125,0.866935483870968,0.856350806451613
646,Liu RX(2017),46,0.889112903225806,0.860887096774194,0.896673387096774
647,Liu RX(2017),47,0.871975806451613,0.914818548387097,0.88508064516129
648,Liu RX(2017),48,0.854334677419355,0.817036290322581,0.91179435483871
649,Liu RX(2017),49,0.819052419354839,0.853326612903226,0.861895161290323
650,Liu RX(2017),50,0.83366935483871,0.86491935483871,0.916834677419355
651,Liu RX(2017),51,0.850806451612903,0.904737903225806,0.867943548387097
652,Liu RX(2017),52,0.754032258064516,0.901713709677419,0.81804435483871
653,Liu RX(2017),53,0.846270161290323,0.926411290322581,0.904233870967742
654,Liu RX(2017),54,0.832157258064516,0.913810483870968,0.802923387096774
655,Liu RX(2017),55,0.813508064516129,0.824596774193548,0.901209677419355
656,Liu RX(2017),56,0.83820564516129,0.908266129032258,0.89616935483871
657,Liu RX(2017),57,0.883568548387097,0.870967741935484,0.913810483870968
658,Liu RX(2017),58,0.918346774193548,0.875504032258065,0.89616935483871
659,Liu RX(2017),59,0.852822580645161,0.798387096774194,0.878528225806452
660,Liu RX(2017),60,0.902721774193548,0.885584677419355,0.877016129032258
661,Liu RX(2017),61,0.818548387096774,0.897177419354839,0.831149193548387
662,Liu RX(2017),62,0.815524193548387,0.88054435483871,0.892137096774194
663,Liu RX(2017),63,0.835181451612903,0.893649193548387,0.903225806451613
664,Liu RX(2017),64,0.808971774193548,0.828629032258065,0.861391129032258
665,Liu RX(2017),65,0.871471774193548,0.848790322580645,0.924899193548387
666,Liu RX(2017),66,0.815020161290323,0.871975806451613,0.893145161290323
667,Liu RX(2017),67,0.849798387096774,0.893145161290323,0.905241935483871
668,Liu RX(2017),68,0.800907258064516,0.889112903225806,0.876512096774194
669,Liu RX(2017),69,0.801411290322581,0.884576612903226,0.813508064516129
670,Liu RX(2017),70,0.851814516129032,0.886088709677419,0.835685483870968
671,Liu RX(2017),71,0.818548387096774,0.915322580645161,0.823588709677419
672,Liu RX(2017),72,0.814516129032258,0.879032258064516,0.882560483870968
673,Liu RX(2017),73,0.862399193548387,0.863911290322581,0.864415322580645
674,Liu RX(2017),74,0.894153225806452,0.842741935483871,0.923387096774194
675,Liu RX(2017),75,0.795866935483871,0.836693548387097,0.853326612903226
676,Liu RX(2017),76,0.864415322580645,0.808467741935484,0.859375
677,Liu RX(2017),77,0.858870967741935,0.894153225806452,0.827620967741935
678,Liu RX(2017),78,0.851310483870968,0.933467741935484,0.90070564516129
679,Liu RX(2017),79,0.77116935483871,0.847278225806452,0.799395161290323
680,Liu RX(2017),80,0.859375,0.867439516129032,0.876008064516129
681,Liu RX(2017),81,0.901713709677419,0.792842741935484,0.860887096774194
682,Liu RX(2017),82,0.882056451612903,0.799899193548387,0.857358870967742
683,Liu RX(2017),83,0.878528225806452,0.868951612903226,0.846774193548387
684,Liu RX(2017),84,0.85383064516129,0.836693548387097,0.901209677419355
685,Liu RX(2017),85,0.841733870967742,0.904233870967742,0.831653225806452
686,Liu RX(2017),86,0.808971774193548,0.825604838709677,0.912298387096774
687,Liu RX(2017),87,0.860383064516129,0.955645161290323,0.864415322580645
688,Liu RX(2017),88,0.868447580645161,0.800403225806452,0.792338709677419
689,Liu RX(2017),89,0.851310483870968,0.874495967741935,0.888608870967742
690,Liu RX(2017),90,0.847782258064516,0.824596774193548,0.84375
691,Liu RX(2017),91,0.832661290322581,0.855342741935484,0.904737903225806
692,Liu RX(2017),92,0.856854838709677,0.795362903225806,0.902721774193548
693,Liu RX(2017),93,0.837701612903226,0.924395161290323,0.859879032258065
694,Liu RX(2017),94,0.862903225806452,0.884072580645161,0.857358870967742
695,Liu RX(2017),95,0.90070564516129,0.92741935483871,0.914818548387097
696,Liu RX(2017),96,0.844254032258065,0.855342741935484,0.840221774193548
697,Liu RX(2017),97,0.837197580645161,0.880040322580645,0.918346774193548
698,Liu RX(2017),98,0.843245967741935,0.876512096774194,0.841733870967742
699,Liu RX(2017),99,0.898185483870968,0.888104838709677,0.898185483870968
700,Liu RX(2017),100,0.801411290322581,0.882056451612903,0.876008064516129
701,Jie ZY(2017),1,0.804347826086957,0.805293005671078,0.734877126654064
702,Jie ZY(2017),2,0.815689981096408,0.866729678638941,0.703213610586011
703,Jie ZY(2017),3,0.818052930056711,0.844990548204159,0.779773156899811
704,Jie ZY(2017),4,0.737712665406427,0.837901701323251,0.733931947069943
705,Jie ZY(2017),5,0.770321361058601,0.784026465028355,0.758034026465028
706,Jie ZY(2017),6,0.793478260869565,0.778355387523629,0.831758034026465
707,Jie ZY(2017),7,0.75945179584121,0.771739130434783,0.732041587901701
708,Jie ZY(2017),8,0.685727788279773,0.815689981096408,0.756616257088847
709,Jie ZY(2017),9,0.7882797731569,0.796313799621928,0.718809073724008
710,Jie ZY(2017),10,0.784026465028355,0.85538752362949,0.75047258979206
711,Jie ZY(2017),11,0.845463137996219,0.752362948960302,0.692816635160681
712,Jie ZY(2017),12,0.760396975425331,0.771266540642722,0.801984877126654
713,Jie ZY(2017),13,0.784499054820416,0.847826086956522,0.766068052930057
714,Jie ZY(2017),14,0.773629489603025,0.789697542533081,0.779300567107751
715,Jie ZY(2017),15,0.797258979206049,0.695652173913043,0.815689981096408
716,Jie ZY(2017),16,0.818052930056711,0.818525519848771,0.809073724007561
717,Jie ZY(2017),17,0.882797731568998,0.827977315689981,0.655954631379962
718,Jie ZY(2017),18,0.75992438563327,0.809073724007561,0.757561436672968
719,Jie ZY(2017),19,0.843100189035917,0.751890359168242,0.786862003780718
720,Jie ZY(2017),20,0.829395085066163,0.747637051039698,0.774102079395085
721,Jie ZY(2017),21,0.748109640831758,0.775992438563327,0.746691871455577
722,Jie ZY(2017),22,0.784499054820416,0.833175803402647,0.734404536862004
723,Jie ZY(2017),23,0.771266540642722,0.804820415879017,0.783081285444234
724,Jie ZY(2017),24,0.810964083175803,0.795368620037807,0.753308128544423
725,Jie ZY(2017),25,0.760869565217391,0.939035916824197,0.792533081285444
726,Jie ZY(2017),26,0.758034026465028,0.75945179584121,0.762759924385633
727,Jie ZY(2017),27,0.728260869565217,0.75992438563327,0.771266540642722
728,Jie ZY(2017),28,0.825614366729679,0.844990548204159,0.818525519848771
729,Jie ZY(2017),29,0.75992438563327,0.803402646502836,0.741020793950851
730,Jie ZY(2017),30,0.784499054820416,0.730151228733459,0.693289224952741
731,Jie ZY(2017),31,0.803875236294896,0.728260869565217,0.760869565217391
732,Jie ZY(2017),32,0.789224952741021,0.790642722117202,0.883270321361059
733,Jie ZY(2017),33,0.748109640831758,0.841682419659735,0.72117202268431
734,Jie ZY(2017),34,0.766540642722117,0.722117202268431,0.768431001890359
735,Jie ZY(2017),35,0.729206049149338,0.75,0.779300567107751
736,Jie ZY(2017),36,0.770321361058601,0.752362948960302,0.770321361058601
737,Jie ZY(2017),37,0.73062381852552,0.899338374291115,0.75
738,Jie ZY(2017),38,0.786862003780718,0.896030245746692,0.732041587901701
739,Jie ZY(2017),39,0.807183364839319,0.768431001890359,0.668241965973535
740,Jie ZY(2017),40,0.815689981096408,0.773629489603025,0.822778827977316
741,Jie ZY(2017),41,0.842155009451796,0.801039697542533,0.714083175803403
742,Jie ZY(2017),42,0.76890359168242,0.783081285444234,0.738657844990548
743,Jie ZY(2017),43,0.814744801512287,0.836011342155009,0.718336483931947
744,Jie ZY(2017),44,0.875708884688091,0.834593572778828,0.84640831758034
745,Jie ZY(2017),45,0.827977315689981,0.780245746691872,0.823251417769376
746,Jie ZY(2017),46,0.835538752362949,0.780245746691872,0.732041587901701
747,Jie ZY(2017),47,0.741020793950851,0.809073724007561,0.717863894139887
748,Jie ZY(2017),48,0.812854442344045,0.767958412098299,0.753308128544423
749,Jie ZY(2017),49,0.843100189035917,0.743383742911153,0.803875236294896
750,Jie ZY(2017),50,0.837901701323251,0.803875236294896,0.735822306238185
751,Jie ZY(2017),51,0.801039697542533,0.812854442344045,0.717863894139887
752,Jie ZY(2017),52,0.776465028355388,0.693761814744801,0.791587901701323
753,Jie ZY(2017),53,0.777410207939509,0.810018903591682,0.715028355387524
754,Jie ZY(2017),54,0.777410207939509,0.8265595463138,0.799621928166352
755,Jie ZY(2017),55,0.851134215500945,0.838846880907372,0.732041587901701
756,Jie ZY(2017),56,0.819943289224953,0.873345935727788,0.665406427221172
757,Jie ZY(2017),57,0.786862003780718,0.80765595463138,0.80812854442344
758,Jie ZY(2017),58,0.738185255198488,0.853969754253308,0.799621928166352
759,Jie ZY(2017),59,0.74007561436673,0.783081285444234,0.717863894139887
760,Jie ZY(2017),60,0.763705103969754,0.688090737240076,0.697069943289225
761,Jie ZY(2017),61,0.790642722117202,0.737240075614367,0.747637051039698
762,Jie ZY(2017),62,0.672022684310019,0.852551984877127,0.781663516068053
763,Jie ZY(2017),63,0.805293005671078,0.841682419659735,0.786862003780718
764,Jie ZY(2017),64,0.864839319470699,0.811436672967864,0.772684310018904
765,Jie ZY(2017),65,0.714555765595463,0.784971644612476,0.715028355387524
766,Jie ZY(2017),66,0.715028355387524,0.74007561436673,0.746219281663516
767,Jie ZY(2017),67,0.76890359168242,0.834593572778828,0.785916824196597
768,Jie ZY(2017),68,0.758979206049149,0.786862003780718,0.772211720226843
769,Jie ZY(2017),69,0.758506616257089,0.834120982986768,0.761814744801512
770,Jie ZY(2017),70,0.757561436672968,0.786389413988658,0.686672967863894
771,Jie ZY(2017),71,0.700378071833648,0.843572778827977,0.815217391304348
772,Jie ZY(2017),72,0.794896030245747,0.781663516068053,0.726843100189036
773,Jie ZY(2017),73,0.758979206049149,0.822778827977316,0.835538752362949
774,Jie ZY(2017),74,0.765595463137996,0.793478260869565,0.65359168241966
775,Jie ZY(2017),75,0.829395085066163,0.77930056710775,0.838846880907372
776,Jie ZY(2017),76,0.77882797731569,0.838374291115312,0.754253308128544
777,Jie ZY(2017),77,0.814272211720227,0.838374291115312,0.701323251417769
778,Jie ZY(2017),78,0.764177693761815,0.789224952741021,0.753308128544423
779,Jie ZY(2017),79,0.744328922495274,0.837901701323251,0.741965973534972
780,Jie ZY(2017),80,0.852079395085066,0.724952741020794,0.708412098298677
781,Jie ZY(2017),81,0.77930056710775,0.797258979206049,0.733931947069943
782,Jie ZY(2017),82,0.774102079395085,0.808601134215501,0.742438563327032
783,Jie ZY(2017),83,0.838846880907372,0.820415879017013,0.730151228733459
784,Jie ZY(2017),84,0.813799621928166,0.744801512287335,0.781663516068053
785,Jie ZY(2017),85,0.728260869565217,0.772211720226843,0.723062381852552
786,Jie ZY(2017),86,0.752362948960302,0.783553875236295,0.763705103969754
787,Jie ZY(2017),87,0.84593572778828,0.780245746691871,0.802457466918715
788,Jie ZY(2017),88,0.821361058601134,0.858223062381853,0.769848771266541
789,Jie ZY(2017),89,0.819470699432892,0.877599243856333,0.803875236294896
790,Jie ZY(2017),90,0.84640831758034,0.811909262759924,0.698487712665406
791,Jie ZY(2017),91,0.775992438563327,0.800567107750473,0.77882797731569
792,Jie ZY(2017),92,0.789697542533081,0.789697542533081,0.717863894139887
793,Jie ZY(2017),93,0.805293005671078,0.827977315689981,0.776465028355388
794,Jie ZY(2017),94,0.793005671077505,0.825141776937618,0.774574669187146
795,Jie ZY(2017),95,0.784971644612476,0.747637051039698,0.717863894139887
796,Jie ZY(2017),96,0.810018903591682,0.770793950850662,0.796313799621928
797,Jie ZY(2017),97,0.728260869565217,0.857750472589792,0.826086956521739
798,Jie ZY(2017),98,0.751890359168242,0.793005671077505,0.776937618147448
799,Jie ZY(2017),99,0.749527410207939,0.795368620037807,0.891776937618147
800,Jie ZY(2017),100,0.742911153119093,0.867202268431002,0.768431001890359
801,T4+F1,1,1,1,1
802,T4+F1,2,1,1,0.988425925925926
803,T4+F1,3,1,1,1
804,T4+F1,4,1,1,0.993055555555556
805,T4+F1,5,1,1,1
806,T4+F1,6,1,1,0.997685185185185
807,T4+F1,7,1,1,1
808,T4+F1,8,1,1,1
809,T4+F1,9,1,1,1
810,T4+F1,10,1,1,0.99537037037037
811,T4+F1,11,1,1,0.988425925925926
812,T4+F1,12,1,1,0.990740740740741
813,T4+F1,13,1,1,1
814,T4+F1,14,1,1,1
815,T4+F1,15,1,1,1
816,T4+F1,16,1,1,1
817,T4+F1,17,1,1,1
818,T4+F1,18,1,1,0.997685185185185
819,T4+F1,19,1,1,1
820,T4+F1,20,1,1,0.997685185185185
821,T4+F1,21,1,1,1
822,T4+F1,22,1,1,0.990740740740741
823,T4+F1,23,1,1,0.988425925925926
824,T4+F1,24,1,1,1
825,T4+F1,25,1,1,1
826,T4+F1,26,1,1,1
827,T4+F1,27,1,1,1
828,T4+F1,28,1,1,1
829,T4+F1,29,1,1,0.988425925925926
830,T4+F1,30,1,1,1
831,T4+F1,31,1,1,1
832,T4+F1,32,1,1,1
833,T4+F1,33,1,1,0.99537037037037
834,T4+F1,34,1,1,1
835,T4+F1,35,1,1,0.997685185185185
836,T4+F1,36,1,1,1
837,T4+F1,37,1,1,1
838,T4+F1,38,1,1,0.988425925925926
839,T4+F1,39,1,1,1
840,T4+F1,40,1,1,1
841,T4+F1,41,1,1,1
842,T4+F1,42,1,1,1
843,T4+F1,43,1,1,1
844,T4+F1,44,1,1,0.988425925925926
845,T4+F1,45,1,1,1
846,T4+F1,46,1,1,1
847,T4+F1,47,1,1,1
848,T4+F1,48,1,1,1
849,T4+F1,49,1,1,0.99537037037037
850,T4+F1,50,1,1,0.99537037037037
851,T4+F1,51,1,1,1
852,T4+F1,52,1,1,0.99537037037037
853,T4+F1,53,1,1,1
854,T4+F1,54,1,1,0.997685185185185
855,T4+F1,55,1,1,0.997685185185185
856,T4+F1,56,1,1,1
857,T4+F1,57,1,1,0.997685185185185
858,T4+F1,58,1,1,1
859,T4+F1,59,1,1,1
860,T4+F1,60,1,1,1
861,T4+F1,61,1,1,0.997685185185185
862,T4+F1,62,1,1,0.997685185185185
863,T4+F1,63,1,1,1
864,T4+F1,64,1,1,0.993055555555556
865,T4+F1,65,1,1,1
866,T4+F1,66,1,1,1
867,T4+F1,67,1,1,1
868,T4+F1,68,1,1,1
869,T4+F1,69,1,1,1
870,T4+F1,70,1,1,0.997685185185185
871,T4+F1,71,1,1,1
872,T4+F1,72,1,1,1
873,T4+F1,73,1,1,1
874,T4+F1,74,1,1,0.997685185185185
875,T4+F1,75,1,1,1
876,T4+F1,76,1,1,1
877,T4+F1,77,1,1,1
878,T4+F1,78,1,1,1
879,T4+F1,79,1,1,1
880,T4+F1,80,1,1,1
881,T4+F1,81,1,1,1
882,T4+F1,82,1,1,0.990740740740741
883,T4+F1,83,1,1,1
884,T4+F1,84,1,1,0.993055555555556
885,T4+F1,85,1,1,1
886,T4+F1,86,1,1,0.99537037037037
887,T4+F1,87,1,1,0.990740740740741
888,T4+F1,88,1,1,1
889,T4+F1,89,1,1,0.997685185185185
890,T4+F1,90,1,1,1
891,T4+F1,91,1,1,0.997685185185185
892,T4+F1,92,1,1,0.990740740740741
893,T4+F1,93,1,1,1
894,T4+F1,94,1,1,1
895,T4+F1,95,1,1,0.990740740740741
896,T4+F1,96,1,1,0.99537037037037
897,T4+F1,97,1,1,1
898,T4+F1,98,1,1,1
899,T4+F1,99,1,1,0.990740740740741
900,T4+F1,100,1,1,1
901,B40-8+VD13,1,1,0.758333333333333,1
902,B40-8+VD13,2,1,0.704166666666667,1
903,B40-8+VD13,3,1,0.738888888888889,1
904,B40-8+VD13,4,1,0.775,1
905,B40-8+VD13,5,1,0.808333333333333,1
906,B40-8+VD13,6,1,0.608333333333333,1
907,B40-8+VD13,7,1,0.793055555555556,1
908,B40-8+VD13,8,1,0.606944444444444,1
909,B40-8+VD13,9,1,0.820833333333333,1
910,B40-8+VD13,10,1,0.747222222222222,1
911,B40-8+VD13,11,1,0.777777777777778,1
912,B40-8+VD13,12,1,0.651388888888889,1
913,B40-8+VD13,13,1,0.738888888888889,1
914,B40-8+VD13,14,1,0.770833333333333,1
915,B40-8+VD13,15,1,0.831944444444444,1
916,B40-8+VD13,16,1,0.568055555555556,1
917,B40-8+VD13,17,1,0.7125,1
918,B40-8+VD13,18,1,0.808333333333333,1
919,B40-8+VD13,19,1,0.7125,1
920,B40-8+VD13,20,1,0.791666666666667,1
921,B40-8+VD13,21,1,0.697222222222222,1
922,B40-8+VD13,22,1,0.888888888888889,1
923,B40-8+VD13,23,1,0.566666666666667,1
924,B40-8+VD13,24,1,0.738888888888889,1
925,B40-8+VD13,25,1,0.684722222222222,1
926,B40-8+VD13,26,1,0.808333333333333,1
927,B40-8+VD13,27,1,0.745833333333333,1
928,B40-8+VD13,28,1,0.606944444444444,1
929,B40-8+VD13,29,1,0.75,1
930,B40-8+VD13,30,1,0.636111111111111,1
931,B40-8+VD13,31,1,0.794444444444444,1
932,B40-8+VD13,32,1,0.804166666666667,1
933,B40-8+VD13,33,1,0.708333333333333,1
934,B40-8+VD13,34,1,0.768055555555556,1
935,B40-8+VD13,35,1,0.727777777777778,1
936,B40-8+VD13,36,1,0.797222222222222,1
937,B40-8+VD13,37,1,0.740277777777778,1
938,B40-8+VD13,38,1,0.761111111111111,1
939,B40-8+VD13,39,1,0.663888888888889,1
940,B40-8+VD13,40,1,0.866666666666667,1
941,B40-8+VD13,41,1,0.761111111111111,1
942,B40-8+VD13,42,1,0.661111111111111,1
943,B40-8+VD13,43,1,0.694444444444444,1
944,B40-8+VD13,44,1,0.672222222222222,1
945,B40-8+VD13,45,1,0.672222222222222,1
946,B40-8+VD13,46,1,0.691666666666667,1
947,B40-8+VD13,47,1,0.663888888888889,1
948,B40-8+VD13,48,1,0.679166666666667,1
949,B40-8+VD13,49,1,0.766666666666667,1
950,B40-8+VD13,50,1,0.726388888888889,1
951,B40-8+VD13,51,1,0.663888888888889,1
952,B40-8+VD13,52,1,0.822222222222222,1
953,B40-8+VD13,53,1,0.690277777777778,1
954,B40-8+VD13,54,1,0.802777777777778,1
955,B40-8+VD13,55,1,0.781944444444444,1
956,B40-8+VD13,56,1,0.761111111111111,1
957,B40-8+VD13,57,1,0.715277777777778,1
958,B40-8+VD13,58,1,0.676388888888889,1
959,B40-8+VD13,59,1,0.7,1
960,B40-8+VD13,60,1,0.716666666666667,1
961,B40-8+VD13,61,1,0.745833333333333,1
962,B40-8+VD13,62,1,0.713888888888889,1
963,B40-8+VD13,63,1,0.730555555555556,1
964,B40-8+VD13,64,1,0.4125,1
965,B40-8+VD13,65,1,0.809722222222222,1
966,B40-8+VD13,66,1,0.691666666666667,1
967,B40-8+VD13,67,1,0.788888888888889,1
968,B40-8+VD13,68,1,0.784722222222222,1
969,B40-8+VD13,69,1,0.744444444444444,1
970,B40-8+VD13,70,1,0.670833333333333,1
971,B40-8+VD13,71,1,0.743055555555556,1
972,B40-8+VD13,72,1,0.758333333333333,1
973,B40-8+VD13,73,1,0.816666666666667,1
974,B40-8+VD13,74,1,0.563888888888889,1
975,B40-8+VD13,75,1,0.780555555555556,1
976,B40-8+VD13,76,1,0.661111111111111,1
977,B40-8+VD13,77,1,0.6375,1
978,B40-8+VD13,78,1,0.766666666666667,1
979,B40-8+VD13,79,1,0.672222222222222,1
980,B40-8+VD13,80,1,0.630555555555556,1
981,B40-8+VD13,81,1,0.630555555555556,1
982,B40-8+VD13,82,1,0.684722222222222,1
983,B40-8+VD13,83,1,0.736111111111111,1
984,B40-8+VD13,84,1,0.740277777777778,1
985,B40-8+VD13,85,1,0.797222222222222,1
986,B40-8+VD13,86,1,0.791666666666667,1
987,B40-8+VD13,87,1,0.791666666666667,1
988,B40-8+VD13,88,1,0.577777777777778,1
989,B40-8+VD13,89,1,0.772222222222222,1
990,B40-8+VD13,90,1,0.640277777777778,1
991,B40-8+VD13,91,1,0.813888888888889,1
992,B40-8+VD13,92,1,0.798611111111111,1
993,B40-8+VD13,93,1,0.818055555555556,1
994,B40-8+VD13,94,1,0.672222222222222,1
995,B40-8+VD13,95,1,0.755555555555556,1
996,B40-8+VD13,96,1,0.7,1
997,B40-8+VD13,97,1,0.777777777777778,1
998,B40-8+VD13,98,1,0.619444444444444,1
999,B40-8+VD13,99,1,0.686111111111111,1
1000,B40-8+VD13,100,1,0.797222222222222,1
